{
    "type": "filament",
    "filament_id": "GFL99",
    "setting_id": "GFSL99_VORON_00",
    "name": "Generic PLA @TwoTrees",
    "from": "system",
    "instantiation": "true",
    "inherits": "fdm_filament_pla",
    "filament_flow_ratio": [
        "0.98"
    ],
    "slow_down_layer_time": [
        "8"
    ],
    "compatible_printers": [
        "Voron 2.4 250 0.4 nozzle",
        "Voron 2.4 300 0.4 nozzle",
        "Voron 2.4 350 0.4 nozzle",
        "Voron Trident 250 0.4 nozzle",
        "Voron Trident 300 0.4 nozzle",
        "Voron Trident 350 0.4 nozzle",
        "Voron 0.1 0.4 nozzle"
    ]
}