{
    "type": "process",
    "name": "fdm_process_common",
    "from": "system",
    "instantiation": "false",
    "adaptive_layer_height": "0",
    "reduce_crossing_wall": "0",
    "bridge_flow": "0.95",
    "bridge_speed": "25",
    "brim_width": "5",
    "compatible_printers": [],
    "print_sequence": "by layer",
    "default_acceleration": "10000",
    "bridge_no_support": "0",
    "elefant_foot_compensation": "0.1",
    "outer_wall_line_width": "0.4",
    "outer_wall_speed": "120",
    "line_width": "0.45",
    "infill_direction": "45",
    "sparse_infill_density": "15%",
    "sparse_infill_pattern": "grid",
    "initial_layer_line_width": "0.42",
    "initial_layer_print_height": "0.2",
    "initial_layer_speed": "20",
    "gap_infill_speed": "30",
    "infill_combination": "0",
    "sparse_infill_line_width": "0.45",
    "infill_wall_overlap": "25%",
    "sparse_infill_speed": "50",
    "interface_shells": "0",
    "detect_overhang_wall": "0",
    "reduce_infill_retraction": "0",
    "filename_format": "{input_filename_base}.gcode",
    "wall_loops": "3",
    "inner_wall_line_width": "0.45",
    "inner_wall_speed": "40",
    "print_settings_id": "",
    "raft_layers": "0",
    "seam_position": "nearest",
    "skirt_distance": "2",
    "skirt_height": "2",
    "minimum_sparse_infill_area": "0",
    "internal_solid_infill_line_width": "0.45",
    "internal_solid_infill_speed": "40",
    "spiral_mode": "0",
    "standby_temperature_delta": "-5",
    "enable_support": "0",
    "support_top_z_distance": "0.15",
    "support_interface_speed": "80",
    "support_speed": "40",
    "detect_thin_wall": "0",
    "top_surface_line_width": "0.4",
    "top_surface_speed": "30",
    "travel_speed": "400",
    "enable_prime_tower": "0",
    "prime_tower_width": "60",
    "xy_hole_compensation": "0",
    "xy_contour_compensation": "0"
}