{
    "type": "process",
    "name": "fdm_process_two_trees",
    "from": "system",
    "instantiation": "false",
    "inherits": "fdm_process_common",
    "reduce_crossing_wall": "0",
    "max_travel_detour_distance": "0",
    "bottom_surface_pattern": "monotonic",
    "bottom_shell_layers": "3",
    "bottom_shell_thickness": "0",
    "bridge_flow": "0.95",
    "bridge_speed": "25",
    "brim_width": "5",
    "brim_object_gap": "0.1",
    "compatible_printers_condition": "",
    "print_sequence": "by layer",
    "default_acceleration": "5000",
    "top_surface_acceleration": "3000",
    "travel_acceleration": "7000",
    "inner_wall_acceleration": "5000",
    "outer_wall_acceleration": "3000",
    "bridge_no_support": "0",
    "draft_shield": "disabled",
    "elefant_foot_compensation": "0",
    "outer_wall_line_width": "0.4",
    "wall_infill_order": "inner wall/outer wall/infill",
    "line_width": "0.4",
    "infill_direction": "45",
    "sparse_infill_density": "15%",
    "sparse_infill_pattern": "grid",
    "initial_layer_acceleration": "500",
    "initial_layer_line_width": "0.5",
    "initial_layer_print_height": "0.2",
    "infill_combination": "0",
    "sparse_infill_line_width": "0.45",
    "infill_wall_overlap": "25%",
    "interface_shells": "0",
    "ironing_flow": "10%",
    "ironing_spacing": "0.15",
    "ironing_speed": "30",
    "ironing_type": "no ironing",
    "layer_height": "0.2",
    "reduce_infill_retraction": "1",
    "filename_format": "{input_filename_base}_{filament_type[0]}_{print_time}.gcode",
    "detect_overhang_wall": "1",
    "overhang_1_4_speed": "80",
    "overhang_2_4_speed": "50",
    "overhang_3_4_speed": "30",
    "overhang_4_4_speed": "10",
    "inner_wall_line_width": "0.4",
    "wall_loops": "3",
    "print_settings_id": "",
    "raft_layers": "0",
    "seam_position": "aligned",
    "skirt_distance": "2",
    "skirt_height": "1",
    "skirt_loops": "0",
    "minimum_sparse_infill_area": "15",
    "internal_solid_infill_line_width": "0.4",
    "spiral_mode": "0",
    "standby_temperature_delta": "-5",
    "enable_support": "0",
    "resolution": "0.012",
    "support_top_z_distance": "0.2",
    "support_interface_speed": "80",
    "support_speed": "150",
    "top_surface_pattern": "monotonic",
    "top_surface_line_width": "0.4",
    "top_shell_layers": "3",
    "top_shell_thickness": "0.8",
    "initial_layer_speed": "50",
    "initial_layer_infill_speed": "105",
    "outer_wall_speed": "120",
    "inner_wall_speed": "200",
    "internal_solid_infill_speed": "200",
    "top_surface_speed": "100",
    "gap_infill_speed": "100",
    "sparse_infill_speed": "200",
    "travel_speed": "350",
    "enable_prime_tower": "0",
    "wipe_tower_no_sparse_layers": "0",
    "prime_tower_width": "35",
    "xy_hole_compensation": "0",
    "xy_contour_compensation": "0",
    "enable_arc_fitting": "0",
    "accel_to_decel_enable": "1",
    "accel_to_decel_factor": "50%",
    "default_jerk": "9",
    "initial_layer_jerk": "9",
    "outer_wall_jerk": "7",
    "infill_jerk": "12",
    "travel_jerk": "12",
    "inner_wall_jerk": "7",
    "top_surface_jerk": "9",
    "compatible_printers": [
        "TwoTrees Sapphire Plus v1.1",   
    ]
}